,yearID,HR
0,1884,0
1,1884,1
2,1884,0
3,1885,0
4,1885,0
5,1885,1
6,1885,1
7,1886,0
8,1886,1
9,1886,0
10,1886,0
11,1886,3
12,1886,0
13,1886,0
14,1887,1
15,1887,0
16,1887,1
17,1887,3
18,1887,1
19,1887,0
20,1888,0
21,1888,1
22,1888,1
23,1888,0
24,1888,1
25,1888,0
26,1888,3
27,1888,0
28,1888,0
29,1889,3
30,1889,0
31,1889,1
32,1889,2
33,1889,2
34,1889,3
35,1889,1
36,1889,0
37,1889,1
38,1890,0
39,1890,0
40,1890,1
41,1890,0
42,1890,0
43,1890,0
44,1892,0
45,1892,0
46,1892,1
47,1892,1
48,1892,1
49,1892,1
50,1903,0
51,1903,0
52,1903,1
53,1903,0
54,1903,1
55,1903,0
56,1903,0
57,1903,1
58,1905,0
59,1905,0
60,1905,0
61,1905,0
62,1905,0
63,1905,0
64,1906,0
65,1906,0
66,1906,0
67,1906,0
68,1906,0
69,1906,0
70,1906,0
71,1906,0
72,1907,0
73,1907,0
74,1907,0
75,1907,0
76,1907,0
77,1907,0
78,1907,0
79,1907,0
80,1908,0
81,1908,0
82,1908,0
83,1908,0
84,1908,1
85,1908,0
86,1908,0
87,1908,0
88,1908,0
89,1909,0
90,1909,1
91,1909,1
92,1909,0
93,1909,0
94,1909,2
95,1909,0
96,1909,0
97,1909,0
98,1909,0
99,1909,0
100,1910,0
101,1910,0
102,1910,1
103,1910,0
104,1910,0
105,1910,0
106,1910,0
107,1910,0
108,1910,0
109,1911,0
110,1911,0
111,1911,2
112,1911,1
113,1911,0
114,1911,0
115,1911,0
116,1911,0
117,1912,0
118,1912,0
119,1912,1
120,1912,0
121,1912,0
122,1912,0
123,1912,0
124,1912,0
125,1912,0
126,1912,1
127,1913,1
128,1913,0
129,1913,1
130,1913,0
131,1913,0
132,1913,1
133,1913,0
134,1913,0
135,1914,0
136,1914,0
137,1914,0
138,1914,0
139,1914,1
140,1914,0
141,1914,0
142,1914,0
143,1914,0
144,1915,1
145,1915,0
146,1915,0
147,1915,0
148,1915,0
149,1915,1
150,1915,2
151,1916,0
152,1916,0
153,1916,0
154,1916,1
155,1916,0
156,1916,0
157,1916,1
158,1916,0
159,1916,1
160,1916,0
161,1916,0
162,1916,0
163,1917,0
164,1917,1
165,1917,1
166,1917,0
167,1917,0
168,1917,0
169,1917,0
170,1917,0
171,1917,1
172,1917,0
173,1917,0
174,1918,0
175,1918,0
176,1918,0
177,1918,0
178,1918,0
179,1918,0
180,1918,0
181,1918,0
182,1919,0
183,1919,0
184,1919,0
185,1919,0
186,1919,0
187,1919,0
188,1919,0
189,1919,1
190,1919,0
191,1919,0
192,1919,0
193,1919,0
194,1919,0
195,1920,0
196,1920,2
197,1920,0
198,1920,0
199,1920,0
200,1920,0
201,1920,0
202,1920,0
203,1920,0
204,1920,0
205,1920,0
206,1920,0
207,1921,1
208,1921,1
209,1921,0
210,1921,0
211,1921,0
212,1921,2
213,1921,0
214,1921,0
215,1921,0
216,1921,0
217,1921,0
218,1921,0
219,1922,1
220,1922,1
221,1922,0
222,1922,0
223,1922,0
224,1922,0
225,1922,0
226,1922,0
227,1922,0
228,1922,1
229,1923,0
230,1923,2
231,1923,0
232,1923,2
233,1923,1
234,1923,0
235,1923,0
236,1923,0
237,1923,1
238,1923,0
239,1923,1
240,1923,3
241,1923,0
242,1924,0
243,1924,2
244,1924,3
245,1924,0
246,1924,0
247,1924,0
248,1924,0
249,1924,0
250,1924,0
251,1924,3
252,1924,0
253,1924,0
254,1924,0
255,1924,0
256,1924,1
257,1924,0
258,1924,0
259,1925,0
260,1925,2
261,1925,3
262,1925,1
263,1925,0
264,1925,0
265,1925,2
266,1925,0
267,1925,2
268,1925,1
269,1925,1
270,1925,0
271,1925,0
272,1926,0
273,1926,1
274,1926,0
275,1926,1
276,1926,0
277,1926,2
278,1926,0
279,1926,0
280,1926,1
281,1926,1
282,1926,0
283,1926,0
284,1926,0
285,1926,2
286,1926,0
287,1927,0
288,1927,0
289,1927,0
290,1927,0
291,1927,0
292,1927,1
293,1927,0
294,1927,1
295,1927,0
296,1927,0
297,1927,0
298,1928,1
299,1928,0
300,1928,0
301,1928,3
302,1928,2
303,1928,0
304,1928,0
305,1928,0
306,1928,4
307,1929,0
308,1929,0
309,1929,1
310,1929,2
311,1929,1
312,1929,2
313,1929,0
314,1929,0
315,1929,0
316,1929,1
317,1929,0
318,1929,0
319,1930,1
320,1930,0
321,1930,0
322,1930,0
323,1930,1
324,1930,0
325,1930,3
326,1930,0
327,1930,0
328,1930,2
329,1930,0
330,1930,1
331,1931,1
332,1931,0
333,1931,1
334,1931,0
335,1931,0
336,1931,0
337,1931,1
338,1931,1
339,1931,0
340,1931,1
341,1931,0
342,1931,0
343,1932,1
344,1932,2
345,1932,0
346,1932,0
347,1932,4
348,1932,0
349,1932,0
350,1932,1
351,1932,1
352,1932,0
353,1932,0
354,1932,0
355,1932,2
356,1932,0
357,1933,0
358,1933,0
359,1933,0
360,1933,0
361,1933,2
362,1933,0
363,1933,0
364,1933,1
365,1933,1
366,1933,0
367,1933,1
368,1933,0
369,1934,0
370,1934,1
371,1934,1
372,1934,0
373,1934,0
374,1934,0
375,1934,0
376,1934,2
377,1934,0
378,1934,0
379,1934,0
380,1934,0
381,1934,0
382,1934,0
383,1935,0
384,1935,0
385,1935,0
386,1935,0
387,1935,0
388,1935,1
389,1935,0
390,1935,1
391,1935,1
392,1935,1
393,1935,0
394,1935,2
395,1936,0
396,1936,1
397,1936,2
398,1936,0
399,1936,1
400,1936,2
401,1936,1
402,1936,0
403,1936,1
404,1936,1
405,1936,0
406,1936,1
407,1936,0
408,1936,1
409,1937,0
410,1937,0
411,1937,0
412,1937,1
413,1937,2
414,1937,0
415,1937,1
416,1937,0
417,1937,1
418,1937,0
419,1937,0
420,1937,0
421,1937,0
422,1937,0
423,1938,1
424,1938,0
425,1938,2
426,1938,1
427,1938,0
428,1938,0
429,1938,1
430,1938,0
431,1938,0
432,1938,0
433,1938,1
434,1938,1
435,1939,2
436,1939,0
437,1939,0
438,1939,4
439,1939,1
440,1939,0
441,1939,0
442,1939,0
443,1939,0
444,1939,0
445,1939,0
446,1939,0
447,1940,0
448,1940,0
449,1940,0
450,1940,1
451,1940,0
452,1940,1
453,1940,2
454,1940,0
455,1940,0
456,1940,0
457,1940,0
458,1940,1
459,1940,0
460,1940,0
461,1940,1
462,1940,0
463,1940,0
464,1941,0
465,1941,0
466,1941,1
467,1941,0
468,1941,0
469,1941,0
470,1941,1
471,1941,0
472,1941,0
473,1941,0
474,1941,1
475,1941,0
476,1941,0
477,1941,0
478,1942,0
479,1942,0
480,1942,0
481,1942,0
482,1942,0
483,1942,2
484,1942,0
485,1942,2
486,1942,1
487,1942,0
488,1942,0
489,1942,0
490,1942,0
491,1943,2
492,1943,0
493,1943,0
494,1943,0
495,1943,0
496,1943,0
497,1943,0
498,1943,1
499,1943,0
500,1943,0
501,1943,1
502,1944,2
503,1944,0
504,1944,1
505,1944,0
506,1944,0
507,1944,0
508,1944,0
509,1944,0
510,1944,0
511,1944,1
512,1944,0
513,1944,0
514,1944,0
515,1944,0
516,1944,0
517,1945,0
518,1945,0
519,1945,0
520,1945,0
521,1945,0
522,1945,1
523,1945,0
524,1945,1
525,1945,0
526,1945,0
527,1945,0
528,1945,0
529,1945,0
530,1945,0
531,1945,1
532,1945,0
533,1945,0
534,1946,0
535,1946,0
536,1946,0
537,1946,0
538,1946,0
539,1946,0
540,1946,1
541,1946,0
542,1946,0
543,1946,0
544,1946,0
545,1946,0
546,1946,1
547,1946,0
548,1946,1
549,1946,1
550,1946,1
551,1946,0
552,1947,1
553,1947,0
554,1947,1
555,1947,0
556,1947,0
557,1947,1
558,1947,1
559,1947,0
560,1947,0
561,1947,0
562,1947,0
563,1947,0
564,1947,0
565,1947,0
566,1947,1
567,1947,0
568,1947,0
569,1948,0
570,1948,0
571,1948,2
572,1948,1
573,1948,0
574,1948,1
575,1948,0
576,1948,0
577,1948,3
578,1948,1
579,1948,0
580,1948,0
581,1948,0
582,1948,0
583,1949,1
584,1949,0
585,1949,0
586,1949,0
587,1949,0
588,1949,0
589,1949,1
590,1949,0
591,1949,0
592,1949,1
593,1949,0
594,1949,2
595,1949,1
596,1949,0
597,1950,0
598,1950,0
599,1950,0
600,1950,0
601,1950,0
602,1950,0
603,1950,1
604,1950,0
605,1950,0
606,1950,1
607,1951,0
608,1951,0
609,1951,2
610,1951,1
611,1951,1
612,1951,0
613,1951,0
614,1951,1
615,1951,0
616,1951,0
617,1951,0
618,1951,0
619,1951,0
620,1951,0
621,1951,1
622,1951,1
623,1951,0
624,1952,4
625,1952,1
626,1952,0
627,1952,3
628,1952,2
629,1952,0
630,1952,1
631,1952,0
632,1952,0
633,1952,0
634,1952,2
635,1952,2
636,1952,0
637,1952,1
638,1953,1
639,1953,0
640,1953,1
641,1953,1
642,1953,1
643,1953,2
644,1953,0
645,1953,1
646,1953,2
647,1953,0
648,1953,0
649,1953,0
650,1953,1
651,1953,0
652,1953,1
653,1953,1
654,1953,4
655,1953,1
656,1953,0
657,1954,0
658,1954,0
659,1954,1
660,1954,0
661,1954,0
662,1954,0
663,1954,1
664,1954,1
665,1954,1
666,1954,0
667,1954,1
668,1954,0
669,1954,0
670,1955,0
671,1955,1
672,1955,1
673,1955,1
674,1955,0
675,1955,0
676,1955,3
677,1955,1
678,1955,0
679,1955,1
680,1955,0
681,1955,0
682,1955,2
683,1955,3
684,1955,1
685,1955,2
686,1955,0
687,1955,0
688,1955,1
689,1956,0
690,1956,3
691,1956,1
692,1956,0
693,1956,0
694,1956,3
695,1956,4
696,1956,1
697,1956,1
698,1956,2
699,1956,0
700,1956,0
701,1956,0
702,1956,0
703,1956,0
704,1956,0
705,1957,2
706,1957,1
707,1957,1
708,1957,1
709,1957,0
710,1957,0
711,1957,1
712,1957,1
713,1957,1
714,1957,0
715,1957,0
716,1957,1
717,1957,0
718,1957,1
719,1957,1
720,1957,2
721,1957,2
722,1958,5
723,1958,1
724,1958,0
725,1958,0
726,1958,4
727,1958,0
728,1958,0
729,1958,0
730,1958,0
731,1958,0
732,1958,0
733,1958,0
734,1958,1
735,1958,0
736,1958,2
737,1959,1
738,1959,0
739,1959,1
740,1959,0
741,1959,3
742,1959,1
743,1959,1
744,1959,1
745,1959,2
746,1959,0
747,1959,0
748,1959,0
749,1959,0
750,1959,1
751,1959,0
752,1959,0
753,1960,0
754,1960,2
755,1960,0
756,1960,0
757,1960,0
758,1960,0
759,1960,0
760,1960,0
761,1960,1
762,1960,1
763,1960,0
764,1960,2
765,1960,0
766,1960,1
767,1960,2
768,1960,1
769,1960,1
770,1960,3
771,1960,0
772,1960,0
773,1961,0
774,1961,1
775,1961,0
776,1961,2
777,1961,0
778,1961,0
779,1961,0
780,1961,2
781,1961,2
782,1961,0
783,1961,0
784,1961,1
785,1961,0
786,1961,0
787,1961,2
788,1962,1
789,1962,0
790,1962,0
791,1962,1
792,1962,1
793,1962,2
794,1962,0
795,1962,0
796,1962,0
797,1962,0
798,1962,1
799,1962,1
800,1962,1
801,1963,0
802,1963,2
803,1963,0
804,1963,0
805,1963,0
806,1963,1
807,1963,2
808,1963,0
809,1963,0
810,1963,0
811,1963,0
812,1964,0
813,1964,2
814,1964,1
815,1964,1
816,1964,1
817,1964,0
818,1964,0
819,1964,0
820,1964,0
821,1964,0
822,1964,4
823,1964,0
824,1964,1
825,1964,1
826,1964,2
827,1964,2
828,1964,0
829,1965,0
830,1965,4
831,1965,0
832,1965,0
833,1965,1
834,1965,0
835,1965,1
836,1965,0
837,1965,3
838,1965,1
839,1965,0
840,1965,0
841,1965,0
842,1965,0
843,1965,1
844,1965,0
845,1966,0
846,1966,0
847,1966,1
848,1966,0
849,1966,0
850,1966,3
851,1966,0
852,1966,0
853,1966,0
854,1966,1
855,1966,0
856,1966,0
857,1967,1
858,1967,0
859,1967,3
860,1967,0
861,1967,0
862,1967,0
863,1967,0
864,1967,0
865,1967,0
866,1967,1
867,1967,1
868,1967,0
869,1967,1
870,1967,1
871,1967,5
872,1967,0
873,1967,0
874,1967,0
875,1967,0
876,1967,0
877,1968,2
878,1968,0
879,1968,0
880,1968,2
881,1968,1
882,1968,1
883,1968,0
884,1968,1
885,1968,0
886,1968,3
887,1968,1
888,1968,1
889,1968,0
890,1968,0
891,1968,0
892,1968,1
893,1968,0
894,1968,2
895,1968,0
896,1969,1
897,1969,0
898,1969,0
899,1969,0
900,1969,0
901,1969,0
902,1969,0
903,1969,0
904,1969,1
905,1969,0
906,1969,0
907,1969,0
908,1969,0
909,1969,3
910,1969,0
911,1969,0
912,1969,0
913,1969,0
914,1969,3
915,1969,0
916,1969,0
917,1969,1
918,1969,1
919,1969,0
920,1969,1
921,1969,1
922,1969,1
923,1969,0
924,1969,1
925,1969,2
926,1969,0
927,1969,1
928,1969,0
929,1969,1
930,1969,3
931,1969,1
932,1969,0
933,1969,0
934,1969,0
935,1969,0
936,1969,2
937,1969,0
938,1969,1
939,1969,0
940,1970,1
941,1970,0
942,1970,2
943,1970,0
944,1970,0
945,1970,1
946,1970,0
947,1970,0
948,1970,3
949,1970,1
950,1970,0
951,1970,0
952,1970,1
953,1970,0
954,1970,0
955,1970,0
956,1970,0
957,1970,0
958,1970,0
959,1970,0
960,1970,0
961,1970,0
962,1970,0
963,1970,2
964,1970,1
965,1970,1
966,1970,1
967,1970,0
968,1970,0
969,1970,0
970,1970,2
971,1970,0
972,1970,0
973,1970,1
974,1970,0
975,1970,3
976,1970,1
977,1970,0
978,1970,1
979,1970,1
980,1970,4
981,1970,0
982,1970,0
983,1971,0
984,1971,0
985,1971,3
986,1971,0
987,1971,0
988,1971,0
989,1971,0
990,1971,4
991,1971,0
992,1971,0
993,1971,0
994,1971,4
995,1971,0
996,1971,0
997,1971,0
998,1971,0
999,1971,1
1000,1971,0
1001,1971,1
1002,1971,1
1003,1971,0
1004,1971,1
1005,1971,1
1006,1971,1
1007,1971,2
1008,1971,0
1009,1971,1
1010,1971,2
1011,1971,0
1012,1971,0
1013,1971,0
1014,1971,0
1015,1971,0
1016,1971,1
1017,1971,2
1018,1971,0
1019,1971,0
1020,1971,1
1021,1971,0
1022,1971,2
1023,1971,0
1024,1971,0
1025,1971,0
1026,1971,0
1027,1971,2
1028,1971,0
1029,1971,0
1030,1972,0
1031,1972,0
1032,1972,0
1033,1972,0
1034,1972,1
1035,1972,0
1036,1972,0
1037,1972,0
1038,1972,0
1039,1972,1
1040,1972,0
1041,1972,0
1042,1972,0
1043,1972,2
1044,1972,1
1045,1972,0
1046,1972,0
1047,1972,0
1048,1972,0
1049,1972,1
1050,1972,1
1051,1972,0
1052,1972,0
1053,1972,1
1054,1972,2
1055,1972,0
1056,1972,0
1057,1972,1
1058,1972,1
1059,1972,0
1060,1972,0
1061,1972,0
1062,1972,0
1063,1972,0
1064,1972,0
1065,1972,0
1066,1972,0
1067,1972,1
1068,1972,1
1069,1972,0
1070,1972,1
1071,1972,2
1072,1972,1
1073,1972,0
1074,1972,0
1075,1972,0
1076,1972,0
1077,1972,2
1078,1972,0
1079,1972,0
1080,1973,0
1081,1973,1
1082,1973,0
1083,1973,4
1084,1973,0
1085,1973,0
1086,1973,0
1087,1973,1
1088,1973,1
1089,1973,1
1090,1973,0
1091,1973,0
1092,1973,0
1093,1973,0
1094,1973,0
1095,1973,0
1096,1973,1
1097,1973,1
1098,1973,1
1099,1973,0
1100,1973,0
1101,1973,0
1102,1973,1
1103,1973,0
1104,1973,0
1105,1973,1
1106,1973,2
1107,1973,1
1108,1973,0
1109,1973,2
1110,1973,0
1111,1973,0
1112,1973,0
1113,1973,0
1114,1973,0
1115,1973,2
1116,1973,0
1117,1973,1
1118,1973,1
1119,1973,0
1120,1973,0
1121,1973,0
1122,1973,0
1123,1974,0
1124,1974,0
1125,1974,0
1126,1974,1
1127,1974,1
1128,1974,1
1129,1974,0
1130,1974,0
1131,1974,0
1132,1974,0
1133,1974,3
1134,1974,0
1135,1974,0
1136,1974,0
1137,1974,0
1138,1974,0
1139,1974,2
1140,1974,0
1141,1974,1
1142,1974,1
1143,1974,0
1144,1974,0
1145,1974,0
1146,1974,0
1147,1974,0
1148,1974,1
1149,1974,1
1150,1974,0
1151,1974,0
1152,1974,0
1153,1974,1
1154,1974,2
1155,1974,1
1156,1974,1
1157,1974,2
1158,1974,0
1159,1974,1
1160,1974,0
1161,1975,1
1162,1975,0
1163,1975,0
1164,1975,0
1165,1975,0
1166,1975,0
1167,1975,1
1168,1975,0
1169,1975,1
1170,1975,0
1171,1975,0
1172,1975,0
1173,1975,0
1174,1975,0
1175,1975,0
1176,1975,0
1177,1975,0
1178,1975,1
1179,1975,0
1180,1975,0
1181,1975,2
1182,1975,1
1183,1975,0
1184,1975,0
1185,1975,0
1186,1975,0
1187,1975,0
1188,1975,1
1189,1975,0
1190,1975,0
1191,1975,2
1192,1975,0
1193,1975,1
1194,1975,0
1195,1975,0
1196,1975,0
1197,1975,1
1198,1975,0
1199,1975,3
1200,1975,0
1201,1975,0
1202,1975,1
1203,1975,1
1204,1975,2
1205,1975,0
1206,1975,0
1207,1975,2
1208,1975,0
1209,1976,0
1210,1976,1
1211,1976,0
1212,1976,1
1213,1976,0
1214,1976,1
1215,1976,1
1216,1976,0
1217,1976,0
1218,1976,0
1219,1976,1
1220,1976,0
1221,1976,1
1222,1976,0
1223,1976,0
1224,1976,0
1225,1976,0
1226,1976,0
1227,1976,0
1228,1976,0
1229,1976,1
1230,1976,1
1231,1976,0
1232,1976,0
1233,1976,0
1234,1976,0
1235,1976,2
1236,1976,0
1237,1976,0
1238,1976,0
1239,1976,0
1240,1976,0
1241,1976,0
1242,1976,0
1243,1976,1
1244,1976,1
1245,1976,1
1246,1976,1
1247,1976,0
1248,1976,0
1249,1976,0
1250,1976,1
1251,1977,0
1252,1977,0
1253,1977,1
1254,1977,0
1255,1977,0
1256,1977,0
1257,1977,0
1258,1977,1
1259,1977,0
1260,1977,0
1261,1977,1
1262,1977,0
1263,1977,2
1264,1977,0
1265,1977,0
1266,1977,0
1267,1977,0
1268,1977,1
1269,1977,0
1270,1977,0
1271,1977,0
1272,1977,0
1273,1977,1
1274,1977,0
1275,1977,2
1276,1977,0
1277,1977,0
1278,1977,1
1279,1977,0
1280,1977,0
1281,1977,0
1282,1977,2
1283,1977,1
1284,1977,0
1285,1977,0
1286,1977,0
1287,1977,1
1288,1977,1
1289,1977,3
1290,1977,0
1291,1977,1
1292,1977,1
1293,1977,3
1294,1977,1
1295,1977,1
1296,1977,2
1297,1978,1
1298,1978,0
1299,1978,1
1300,1978,2
1301,1978,0
1302,1978,0
1303,1978,1
1304,1978,0
1305,1978,0
1306,1978,0
1307,1978,0
1308,1978,0
1309,1978,3
1310,1978,0
1311,1978,1
1312,1978,0
1313,1978,0
1314,1978,1
1315,1978,0
1316,1978,1
1317,1978,0
1318,1978,1
1319,1978,1
1320,1978,1
1321,1978,0
1322,1978,1
1323,1978,2
1324,1978,1
1325,1978,2
1326,1978,1
1327,1978,0
1328,1978,1
1329,1978,0
1330,1978,0
1331,1978,0
1332,1978,1
1333,1978,0
1334,1978,0
1335,1978,1
1336,1978,1
1337,1978,0
1338,1978,1
1339,1978,3
1340,1978,0
1341,1978,0
1342,1978,2
1343,1978,0
1344,1978,0
1345,1979,1
1346,1979,1
1347,1979,0
1348,1979,1
1349,1979,0
1350,1979,0
1351,1979,0
1352,1979,1
1353,1979,0
1354,1979,0
1355,1979,0
1356,1979,2
1357,1979,0
1358,1979,0
1359,1979,0
1360,1979,1
1361,1979,0
1362,1979,0
1363,1979,2
1364,1979,0
1365,1979,1
1366,1979,0
1367,1979,0
1368,1979,0
1369,1979,1
1370,1979,1
1371,1979,0
1372,1979,0
1373,1979,0
1374,1979,0
1375,1979,0
1376,1979,1
1377,1979,1
1378,1979,0
1379,1979,1
1380,1979,0
1381,1979,0
1382,1979,0
1383,1979,0
1384,1979,0
1385,1979,1
1386,1979,1
1387,1979,1
1388,1979,0
1389,1979,1
1390,1979,0
1391,1979,0
1392,1979,0
1393,1979,0
1394,1980,2
1395,1980,1
1396,1980,0
1397,1980,0
1398,1980,1
1399,1980,1
1400,1980,0
1401,1980,1
1402,1980,0
1403,1980,0
1404,1980,0
1405,1980,1
1406,1980,0
1407,1980,0
1408,1980,0
1409,1980,0
1410,1980,0
1411,1980,0
1412,1980,0
1413,1980,0
1414,1980,0
1415,1980,0
1416,1980,0
1417,1980,0
1418,1980,0
1419,1980,0
1420,1980,0
1421,1980,1
1422,1980,1
1423,1980,1
1424,1980,0
1425,1980,0
1426,1980,0
1427,1980,0
1428,1980,0
1429,1980,1
1430,1980,0
1431,1980,1
1432,1980,0
1433,1980,1
1434,1980,0
1435,1980,2
1436,1980,0
1437,1980,3
1438,1981,0
1439,1981,2
1440,1981,0
1441,1981,0
1442,1981,3
1443,1981,0
1444,1981,0
1445,1981,1
1446,1981,0
1447,1981,0
1448,1981,0
1449,1981,1
1450,1981,2
1451,1981,0
1452,1981,0
1453,1981,0
1454,1981,0
1455,1981,0
1456,1981,0
1457,1981,0
1458,1981,0
1459,1981,0
1460,1981,1
1461,1981,0
1462,1981,1
1463,1981,0
1464,1981,0
1465,1981,0
1466,1981,1
1467,1981,0
1468,1981,1
1469,1981,0
1470,1981,2
1471,1981,0
1472,1981,0
1473,1981,0
1474,1981,0
1475,1981,0
1476,1981,0
1477,1981,0
1478,1981,0
1479,1981,0
1480,1981,1
1481,1981,0
1482,1981,0
1483,1981,1
1484,1981,1
1485,1981,1
1486,1981,0
1487,1981,0
1488,1981,0
1489,1981,0
1490,1981,0
1491,1981,0
1492,1981,1
1493,1981,0
1494,1981,1
1495,1981,0
1496,1981,0
1497,1981,0
1498,1981,0
1499,1981,0
1500,1981,0
1501,1981,1
1502,1981,0
1503,1981,0
1504,1981,0
1505,1981,0
1506,1981,1
1507,1981,0
1508,1981,2
1509,1981,1
1510,1981,0
1511,1981,1
1512,1981,0
1513,1981,0
1514,1981,1
1515,1981,1
1516,1981,0
1517,1981,0
1518,1981,0
1519,1981,0
1520,1981,1
1521,1981,0
1522,1981,0
1523,1981,0
1524,1981,1
1525,1981,0
1526,1981,0
1527,1981,0
1528,1981,0
1529,1981,1
1530,1981,1
1531,1981,1
1532,1981,0
1533,1981,1
1534,1981,0
1535,1981,2
1536,1981,0
1537,1981,1
1538,1981,0
1539,1981,0
1540,1981,3
1541,1981,0
1542,1981,0
1543,1981,1
1544,1981,0
1545,1981,1
1546,1982,1
1547,1982,0
1548,1982,1
1549,1982,2
1550,1982,0
1551,1982,1
1552,1982,0
1553,1982,0
1554,1982,0
1555,1982,1
1556,1982,0
1557,1982,0
1558,1982,1
1559,1982,1
1560,1982,1
1561,1982,0
1562,1982,0
1563,1982,1
1564,1982,0
1565,1982,0
1566,1982,0
1567,1982,0
1568,1982,0
1569,1982,0
1570,1982,0
1571,1982,0
1572,1982,0
1573,1982,0
1574,1982,0
1575,1982,0
1576,1982,0
1577,1982,0
1578,1982,0
1579,1982,0
1580,1982,0
1581,1982,2
1582,1982,2
1583,1982,1
1584,1982,0
1585,1982,2
1586,1982,0
1587,1982,0
1588,1982,0
1589,1982,1
1590,1982,1
1591,1983,0
1592,1983,0
1593,1983,0
1594,1983,0
1595,1983,0
1596,1983,0
1597,1983,0
1598,1983,1
1599,1983,0
1600,1983,1
1601,1983,1
1602,1983,0
1603,1983,0
1604,1983,0
1605,1983,0
1606,1983,0
1607,1983,1
1608,1983,0
1609,1983,1
1610,1983,2
1611,1983,1
1612,1983,0
1613,1983,0
1614,1983,1
1615,1983,0
1616,1983,0
1617,1983,1
1618,1983,0
1619,1983,0
1620,1983,0
1621,1983,2
1622,1983,0
1623,1983,2
1624,1983,0
1625,1983,0
1626,1983,0
1627,1983,0
1628,1983,1
1629,1983,1
1630,1983,0
1631,1983,0
1632,1983,4
1633,1983,0
1634,1984,0
1635,1984,0
1636,1984,0
1637,1984,0
1638,1984,0
1639,1984,2
1640,1984,0
1641,1984,1
1642,1984,0
1643,1984,0
1644,1984,1
1645,1984,0
1646,1984,0
1647,1984,1
1648,1984,0
1649,1984,1
1650,1984,0
1651,1984,0
1652,1984,0
1653,1984,0
1654,1984,0
1655,1984,0
1656,1984,2
1657,1984,0
1658,1984,0
1659,1984,2
1660,1984,5
1661,1984,0
1662,1984,0
1663,1984,0
1664,1984,1
1665,1984,0
1666,1984,1
1667,1984,1
1668,1984,0
1669,1984,0
1670,1984,0
1671,1984,0
1672,1984,2
1673,1984,0
1674,1984,0
1675,1984,0
1676,1984,1
1677,1984,2
1678,1984,2
1679,1984,0
1680,1985,0
1681,1985,0
1682,1985,0
1683,1985,0
1684,1985,0
1685,1985,0
1686,1985,2
1687,1985,0
1688,1985,4
1689,1985,0
1690,1985,1
1691,1985,1
1692,1985,0
1693,1985,0
1694,1985,1
1695,1985,0
1696,1985,0
1697,1985,0
1698,1985,0
1699,1985,0
1700,1985,2
1701,1985,0
1702,1985,0
1703,1985,1
1704,1985,2
1705,1985,0
1706,1985,0
1707,1985,0
1708,1985,1
1709,1985,0
1710,1985,0
1711,1985,1
1712,1985,1
1713,1985,0
1714,1985,2
1715,1985,0
1716,1985,0
1717,1985,0
1718,1985,0
1719,1985,1
1720,1985,0
1721,1985,0
1722,1985,0
1723,1985,0
1724,1985,0
1725,1985,0
1726,1985,1
1727,1985,0
1728,1986,3
1729,1986,1
1730,1986,0
1731,1986,3
1732,1986,0
1733,1986,0
1734,1986,0
1735,1986,1
1736,1986,1
1737,1986,0
1738,1986,0
1739,1986,0
1740,1986,1
1741,1986,0
1742,1986,1
1743,1986,2
1744,1986,0
1745,1986,0
1746,1986,0
1747,1986,1
1748,1986,0
1749,1986,1
1750,1986,0
1751,1986,1
1752,1986,0
1753,1986,1
1754,1986,2
1755,1986,1
1756,1986,0
1757,1986,0
1758,1986,1
1759,1986,0
1760,1986,1
1761,1986,0
1762,1986,2
1763,1986,1
1764,1986,2
1765,1986,0
1766,1986,1
1767,1986,0
1768,1986,1
1769,1986,2
1770,1986,0
1771,1986,2
1772,1986,0
1773,1986,0
1774,1986,0
1775,1986,0
1776,1987,2
1777,1987,1
1778,1987,0
1779,1987,0
1780,1987,1
1781,1987,0
1782,1987,0
1783,1987,2
1784,1987,2
1785,1987,0
1786,1987,0
1787,1987,1
1788,1987,3
1789,1987,1
1790,1987,0
1791,1987,0
1792,1987,2
1793,1987,0
1794,1987,0
1795,1987,0
1796,1987,2
1797,1987,0
1798,1987,0
1799,1987,0
1800,1987,0
1801,1987,0
1802,1987,0
1803,1987,3
1804,1987,0
1805,1987,0
1806,1987,0
1807,1987,1
1808,1987,2
1809,1987,2
1810,1987,1
1811,1987,0
1812,1987,0
1813,1987,0
1814,1987,0
1815,1987,0
1816,1987,0
1817,1987,0
1818,1987,1
1819,1987,1
1820,1987,1
1821,1987,1
1822,1987,2
1823,1987,0
1824,1987,0
1825,1987,1
1826,1987,1
1827,1987,1
1828,1987,0
1829,1988,3
1830,1988,1
1831,1988,0
1832,1988,2
1833,1988,0
1834,1988,0
1835,1988,1
1836,1988,1
1837,1988,0
1838,1988,0
1839,1988,0
1840,1988,0
1841,1988,0
1842,1988,0
1843,1988,1
1844,1988,0
1845,1988,2
1846,1988,0
1847,1988,0
1848,1988,0
1849,1988,0
1850,1988,1
1851,1988,0
1852,1988,0
1853,1988,2
1854,1988,0
1855,1988,0
1856,1988,0
1857,1988,1
1858,1988,1
1859,1988,0
1860,1988,1
1861,1988,0
1862,1988,1
1863,1988,0
1864,1988,0
1865,1988,1
1866,1988,0
1867,1988,0
1868,1988,0
1869,1988,0
1870,1988,0
1871,1988,3
1872,1988,1
1873,1988,0
1874,1988,0
1875,1988,0
1876,1988,1
1877,1988,0
1878,1988,0
1879,1989,0
1880,1989,0
1881,1989,0
1882,1989,0
1883,1989,0
1884,1989,3
1885,1989,0
1886,1989,0
1887,1989,0
1888,1989,0
1889,1989,3
1890,1989,0
1891,1989,1
1892,1989,2
1893,1989,1
1894,1989,0
1895,1989,0
1896,1989,0
1897,1989,1
1898,1989,0
1899,1989,3
1900,1989,2
1901,1989,0
1902,1989,0
1903,1989,0
1904,1989,2
1905,1989,0
1906,1989,0
1907,1989,0
1908,1989,3
1909,1989,0
1910,1989,0
1911,1989,0
1912,1989,0
1913,1989,0
1914,1989,0
1915,1989,0
1916,1989,0
1917,1989,1
1918,1989,2
1919,1989,1
1920,1989,0
1921,1989,1
1922,1989,2
1923,1989,4
1924,1989,0
1925,1989,0
1926,1989,0
1927,1989,1
1928,1989,1
1929,1990,0
1930,1990,0
1931,1990,0
1932,1990,0
1933,1990,0
1934,1990,0
1935,1990,0
1936,1990,0
1937,1990,0
1938,1990,0
1939,1990,0
1940,1990,0
1941,1990,0
1942,1990,0
1943,1990,1
1944,1990,0
1945,1990,1
1946,1990,0
1947,1990,0
1948,1990,0
1949,1990,0
1950,1990,0
1951,1990,2
1952,1990,0
1953,1990,0
1954,1990,0
1955,1990,0
1956,1990,0
1957,1990,0
1958,1990,0
1959,1990,2
1960,1990,2
1961,1990,0
1962,1990,2
1963,1990,0
1964,1990,0
1965,1990,1
1966,1990,0
1967,1990,0
1968,1990,0
1969,1990,0
1970,1990,0
1971,1990,0
1972,1990,0
1973,1990,2
1974,1990,0
1975,1990,0
1976,1990,1
1977,1990,0
1978,1990,0
1979,1991,0
1980,1991,0
1981,1991,1
1982,1991,0
1983,1991,0
1984,1991,0
1985,1991,0
1986,1991,0
1987,1991,0
1988,1991,1
1989,1991,0
1990,1991,0
1991,1991,0
1992,1991,0
1993,1991,1
1994,1991,1
1995,1991,0
1996,1991,0
1997,1991,0
1998,1991,0
1999,1991,1
2000,1991,0
2001,1991,0
2002,1991,0
2003,1991,2
2004,1991,0
2005,1991,0
2006,1991,0
2007,1991,0
2008,1991,1
2009,1991,0
2010,1991,0
2011,1991,0
2012,1991,1
2013,1991,2
2014,1991,0
2015,1991,0
2016,1991,1
2017,1991,1
2018,1991,1
2019,1991,2
2020,1991,2
2021,1991,0
2022,1991,1
2023,1991,1
2024,1991,0
2025,1991,0
2026,1991,0
2027,1991,0
2028,1991,0
2029,1991,3
2030,1991,0
2031,1991,0
2032,1991,1
2033,1991,1
2034,1991,1
2035,1991,2
2036,1992,0
2037,1992,2
2038,1992,0
2039,1992,1
2040,1992,0
2041,1992,3
2042,1992,0
2043,1992,0
2044,1992,3
2045,1992,1
2046,1992,0
2047,1992,1
2048,1992,0
2049,1992,0
2050,1992,0
2051,1992,0
2052,1992,3
2053,1992,0
2054,1992,0
2055,1992,0
2056,1992,0
2057,1992,1
2058,1992,3
2059,1992,0
2060,1992,0
2061,1992,0
2062,1992,0
2063,1992,1
2064,1992,0
2065,1992,0
2066,1992,0
2067,1992,0
2068,1992,1
2069,1992,0
2070,1992,0
2071,1992,0
2072,1992,0
2073,1992,0
2074,1992,4
2075,1992,1
2076,1992,3
2077,1992,2
2078,1992,0
2079,1992,1
2080,1992,0
2081,1992,0
2082,1992,0
2083,1992,0
2084,1992,0
2085,1992,0
2086,1992,0
2087,1992,0
2088,1992,0
2089,1992,3
2090,1992,0
2091,1992,0
2092,1992,0
2093,1992,0
2094,1993,0
2095,1993,0
2096,1993,0
2097,1993,0
2098,1993,0
2099,1993,0
2100,1993,0
2101,1993,1
2102,1993,1
2103,1993,0
2104,1993,0
2105,1993,0
2106,1993,1
2107,1993,0
2108,1993,0
2109,1993,0
2110,1993,2
2111,1993,0
2112,1993,2
2113,1993,1
2114,1993,1
2115,1993,2
2116,1993,1
2117,1993,0
2118,1993,0
2119,1993,0
2120,1993,2
2121,1993,0
2122,1993,3
2123,1993,0
2124,1993,0
2125,1993,0
2126,1993,1
2127,1993,0
2128,1993,1
2129,1993,0
2130,1993,0
2131,1993,0
2132,1993,0
2133,1993,1
2134,1993,0
2135,1993,2
2136,1993,0
2137,1993,2
2138,1993,0
2139,1993,0
2140,1993,1
2141,1993,1
2142,1993,0
2143,1993,0
2144,1993,0
2145,1993,0
2146,1993,2
2147,1993,2
2148,1993,1
2149,1993,0
2150,1993,1
2151,1995,0
2152,1995,0
2153,1995,1
2154,1995,0
2155,1995,1
2156,1995,1
2157,1995,1
2158,1995,0
2159,1995,1
2160,1995,0
2161,1995,0
2162,1995,1
2163,1995,1
2164,1995,2
2165,1995,1
2166,1995,0
2167,1995,1
2168,1995,0
2169,1995,0
2170,1995,0
2171,1995,1
2172,1995,1
2173,1995,0
2174,1995,0
2175,1995,0
2176,1995,1
2177,1995,0
2178,1995,0
2179,1995,1
2180,1995,0
2181,1995,1
2182,1995,0
2183,1995,0
2184,1995,0
2185,1995,1
2186,1995,0
2187,1995,0
2188,1995,0
2189,1995,1
2190,1995,1
2191,1995,4
2192,1995,1
2193,1995,1
2194,1995,1
2195,1995,1
2196,1995,1
2197,1995,0
2198,1995,2
2199,1995,0
2200,1995,1
2201,1995,1
2202,1995,3
2203,1995,2
2204,1995,1
2205,1995,1
2206,1995,0
2207,1995,2
2208,1995,0
2209,1995,0
2210,1995,0
2211,1995,0
2212,1995,0
2213,1995,0
2214,1995,0
2215,1995,0
2216,1995,0
2217,1995,0
2218,1995,0
2219,1995,0
2220,1995,1
2221,1995,1
2222,1995,1
2223,1995,0
2224,1995,0
2225,1995,1
2226,1995,0
2227,1995,0
2228,1995,0
2229,1995,1
2230,1995,3
2231,1995,0
2232,1995,0
2233,1995,0
2234,1995,2
2235,1995,0
2236,1995,0
2237,1995,1
2238,1995,0
2239,1995,2
2240,1995,0
2241,1995,0
2242,1995,3
2243,1995,0
2244,1995,1
2245,1995,0
2246,1995,0
2247,1995,1
2248,1995,0
2249,1995,0
2250,1995,1
2251,1995,1
2252,1995,0
2253,1995,0
2254,1995,0
2255,1995,1
2256,1995,1
2257,1995,2
2258,1995,0
2259,1995,0
2260,1995,1
2261,1995,1
2262,1995,0
2263,1995,1
2264,1995,1
2265,1995,1
2266,1995,0
2267,1995,0
2268,1995,0
2269,1995,0
2270,1995,1
2271,1995,0
2272,1995,0
2273,1995,2
2274,1995,1
2275,1995,1
2276,1995,1
2277,1995,2
2278,1995,1
2279,1995,0
2280,1996,2
2281,1996,3
2282,1996,3
2283,1996,0
2284,1996,0
2285,1996,1
2286,1996,1
2287,1996,0
2288,1996,0
2289,1996,0
2290,1996,1
2291,1996,1
2292,1996,0
2293,1996,1
2294,1996,4
2295,1996,0
2296,1996,1
2297,1996,0
2298,1996,1
2299,1996,1
2300,1996,1
2301,1996,0
2302,1996,1
2303,1996,0
2304,1996,0
2305,1996,0
2306,1996,1
2307,1996,0
2308,1996,0
2309,1996,1
2310,1996,1
2311,1996,1
2312,1996,4
2313,1996,0
2314,1996,0
2315,1996,2
2316,1996,0
2317,1996,1
2318,1996,2
2319,1996,1
2320,1996,0
2321,1996,0
2322,1996,2
2323,1996,0
2324,1996,0
2325,1996,0
2326,1996,0
2327,1996,0
2328,1996,0
2329,1996,0
2330,1996,1
2331,1996,1
2332,1996,0
2333,1996,1
2334,1996,0
2335,1996,1
2336,1996,0
2337,1996,0
2338,1996,0
2339,1996,0
2340,1996,0
2341,1996,2
2342,1996,1
2343,1996,1
2344,1996,0
2345,1996,0
2346,1996,0
2347,1996,0
2348,1996,0
2349,1996,3
2350,1996,0
2351,1996,1
2352,1996,2
2353,1996,0
2354,1996,0
2355,1996,0
2356,1996,1
2357,1996,1
2358,1996,0
2359,1996,0
2360,1996,0
2361,1996,0
2362,1996,0
2363,1996,0
2364,1996,0
2365,1996,0
2366,1996,0
2367,1996,0
2368,1996,0
2369,1996,1
2370,1996,1
2371,1996,0
2372,1996,3
2373,1996,0
2374,1996,1
2375,1996,0
2376,1996,0
2377,1996,1
2378,1996,1
2379,1996,0
2380,1996,0
2381,1996,0
2382,1996,0
2383,1996,1
2384,1996,0
2385,1996,1
2386,1996,0
2387,1996,1
2388,1996,0
2389,1996,1
2390,1996,0
2391,1996,0
2392,1996,0
2393,1996,0
2394,1996,0
2395,1996,1
2396,1996,0
2397,1996,0
2398,1996,0
2399,1996,1
2400,1996,2
2401,1996,0
2402,1996,0
2403,1996,0
2404,1996,0
2405,1996,1
2406,1996,0
2407,1996,1
2408,1996,0
2409,1996,0
2410,1997,2
2411,1997,2
2412,1997,0
2413,1997,1
2414,1997,0
2415,1997,0
2416,1997,0
2417,1997,0
2418,1997,0
2419,1997,0
2420,1997,1
2421,1997,0
2422,1997,0
2423,1997,0
2424,1997,0
2425,1997,0
2426,1997,1
2427,1997,2
2428,1997,0
2429,1997,3
2430,1997,1
2431,1997,1
2432,1997,0
2433,1997,1
2434,1997,0
2435,1997,0
2436,1997,1
2437,1997,2
2438,1997,0
2439,1997,0
2440,1997,1
2441,1997,1
2442,1997,0
2443,1997,0
2444,1997,0
2445,1997,1
2446,1997,1
2447,1997,0
2448,1997,0
2449,1997,1
2450,1997,0
2451,1997,0
2452,1997,2
2453,1997,0
2454,1997,3
2455,1997,0
2456,1997,0
2457,1997,0
2458,1997,1
2459,1997,0
2460,1997,0
2461,1997,3
2462,1997,1
2463,1997,0
2464,1997,0
2465,1997,1
2466,1997,0
2467,1997,0
2468,1997,0
2469,1997,0
2470,1997,0
2471,1997,0
2472,1997,0
2473,1997,1
2474,1997,0
2475,1997,2
2476,1997,0
2477,1997,2
2478,1997,0
2479,1997,1
2480,1997,1
2481,1997,0
2482,1997,0
2483,1997,0
2484,1997,0
2485,1997,1
2486,1997,0
2487,1997,2
2488,1997,0
2489,1997,1
2490,1997,0
2491,1997,1
2492,1997,0
2493,1997,1
2494,1997,0
2495,1997,0
2496,1997,0
2497,1997,1
2498,1997,1
2499,1997,0
2500,1997,0
2501,1997,0
2502,1997,1
2503,1997,0
2504,1997,0
2505,1997,1
2506,1997,1
2507,1997,0
2508,1997,0
2509,1997,0
2510,1997,1
2511,1997,0
2512,1997,0
2513,1997,0
2514,1997,0
2515,1997,3
2516,1997,0
2517,1997,0
2518,1997,0
2519,1997,0
2520,1997,3
2521,1997,0
2522,1997,0
2523,1997,2
2524,1997,0
2525,1997,1
2526,1997,0
2527,1997,0
2528,1997,3
2529,1997,1
2530,1997,0
2531,1997,1
2532,1997,1
2533,1997,0
2534,1998,0
2535,1998,0
2536,1998,0
2537,1998,1
2538,1998,0
2539,1998,1
2540,1998,1
2541,1998,0
2542,1998,0
2543,1998,0
2544,1998,1
2545,1998,2
2546,1998,0
2547,1998,0
2548,1998,0
2549,1998,0
2550,1998,4
2551,1998,0
2552,1998,0
2553,1998,3
2554,1998,0
2555,1998,1
2556,1998,0
2557,1998,0
2558,1998,2
2559,1998,3
2560,1998,0
2561,1998,0
2562,1998,0
2563,1998,1
2564,1998,0
2565,1998,0
2566,1998,1
2567,1998,0
2568,1998,1
2569,1998,1
2570,1998,0
2571,1998,0
2572,1998,0
2573,1998,0
2574,1998,2
2575,1998,0
2576,1998,0
2577,1998,0
2578,1998,0
2579,1998,0
2580,1998,0
2581,1998,0
2582,1998,2
2583,1998,2
2584,1998,0
2585,1998,0
2586,1998,0
2587,1998,2
2588,1998,0
2589,1998,0
2590,1998,1
2591,1998,0
2592,1998,0
2593,1998,0
2594,1998,2
2595,1998,1
2596,1998,0
2597,1998,1
2598,1998,1
2599,1998,0
2600,1998,0
2601,1998,0
2602,1998,1
2603,1998,0
2604,1998,0
2605,1998,0
2606,1998,0
2607,1998,0
2608,1998,0
2609,1998,0
2610,1998,0
2611,1998,1
2612,1998,1
2613,1998,1
2614,1998,0
2615,1998,1
2616,1998,0
2617,1998,0
2618,1998,1
2619,1998,0
2620,1998,1
2621,1998,0
2622,1998,0
2623,1998,2
2624,1998,0
2625,1998,1
2626,1998,0
2627,1998,1
2628,1998,0
2629,1998,0
2630,1998,0
2631,1998,0
2632,1998,0
2633,1998,0
2634,1998,1
2635,1998,0
2636,1998,0
2637,1998,0
2638,1998,0
2639,1998,0
2640,1998,0
2641,1998,0
2642,1998,0
2643,1998,3
2644,1998,1
2645,1998,1
2646,1998,0
2647,1998,0
2648,1998,1
2649,1998,1
2650,1998,1
2651,1998,0
2652,1998,0
2653,1998,1
2654,1999,2
2655,1999,0
2656,1999,0
2657,1999,2
2658,1999,0
2659,1999,0
2660,1999,1
2661,1999,2
2662,1999,0
2663,1999,1
2664,1999,1
2665,1999,1
2666,1999,1
2667,1999,2
2668,1999,0
2669,1999,0
2670,1999,0
2671,1999,0
2672,1999,0
2673,1999,0
2674,1999,0
2675,1999,0
2676,1999,0
2677,1999,1
2678,1999,2
2679,1999,0
2680,1999,0
2681,1999,0
2682,1999,3
2683,1999,0
2684,1999,1
2685,1999,0
2686,1999,0
2687,1999,3
2688,1999,0
2689,1999,0
2690,1999,1
2691,1999,2
2692,1999,1
2693,1999,1
2694,1999,1
2695,1999,1
2696,1999,0
2697,1999,0
2698,1999,0
2699,1999,1
2700,1999,0
2701,1999,0
2702,1999,0
2703,1999,0
2704,1999,1
2705,1999,0
2706,1999,0
2707,1999,1
2708,1999,0
2709,1999,0
2710,1999,0
2711,1999,1
2712,1999,0
2713,1999,1
2714,1999,0
2715,1999,0
2716,1999,0
2717,1999,2
2718,1999,0
2719,1999,0
2720,1999,0
2721,1999,0
2722,1999,0
2723,1999,0
2724,1999,0
2725,1999,1
2726,1999,2
2727,1999,2
2728,1999,0
2729,1999,0
2730,1999,0
2731,1999,1
2732,1999,0
2733,1999,1
2734,1999,0
2735,1999,1
2736,1999,0
2737,1999,2
2738,1999,0
2739,1999,0
2740,1999,0
2741,1999,1
2742,1999,0
2743,1999,0
2744,1999,0
2745,1999,0
2746,1999,0
2747,1999,0
2748,1999,0
2749,1999,1
2750,1999,1
2751,1999,0
2752,1999,0
2753,1999,2
2754,1999,1
2755,1999,0
2756,1999,0
2757,1999,0
2758,1999,0
2759,1999,0
2760,1999,0
2761,1999,0
2762,1999,0
2763,1999,0
2764,1999,1
2765,1999,0
2766,1999,1
2767,1999,0
2768,1999,0
2769,1999,2
2770,1999,3
2771,1999,0
2772,1999,0
2773,1999,0
2774,1999,1
2775,1999,1
2776,1999,0
2777,1999,0
2778,1999,0
2779,1999,0
2780,1999,0
2781,1999,0
2782,1999,1
2783,1999,0
2784,1999,0
2785,1999,0
2786,1999,0
2787,1999,0
2788,2000,0
2789,2000,0
2790,2000,0
2791,2000,0
2792,2000,0
2793,2000,2
2794,2000,1
2795,2000,2
2796,2000,0
2797,2000,0
2798,2000,1
2799,2000,0
2800,2000,0
2801,2000,2
2802,2000,0
2803,2000,0
2804,2000,1
2805,2000,0
2806,2000,2
2807,2000,0
2808,2000,0
2809,2000,1
2810,2000,0
2811,2000,1
2812,2000,0
2813,2000,0
2814,2000,0
2815,2000,0
2816,2000,1
2817,2000,0
2818,2000,0
2819,2000,0
2820,2000,0
2821,2000,0
2822,2000,0
2823,2000,0
2824,2000,0
2825,2000,0
2826,2000,0
2827,2000,0
2828,2000,0
2829,2000,2
2830,2000,0
2831,2000,1
2832,2000,0
2833,2000,1
2834,2000,0
2835,2000,0
2836,2000,1
2837,2000,0
2838,2000,0
2839,2000,0
2840,2000,0
2841,2000,0
2842,2000,0
2843,2000,0
2844,2000,0
2845,2000,0
2846,2000,0
2847,2000,2
2848,2000,0
2849,2000,0
2850,2000,0
2851,2000,0
2852,2000,0
2853,2000,0
2854,2000,0
2855,2000,0
2856,2000,0
2857,2000,3
2858,2000,0
2859,2000,0
2860,2000,1
2861,2000,0
2862,2000,0
2863,2000,0
2864,2000,0
2865,2000,2
2866,2000,0
2867,2000,1
2868,2000,2
2869,2000,0
2870,2000,1
2871,2000,0
2872,2000,0
2873,2000,0
2874,2000,0
2875,2000,0
2876,2000,0
2877,2000,0
2878,2000,0
2879,2000,1
2880,2000,0
2881,2000,1
2882,2000,0
2883,2000,0
2884,2000,1
2885,2000,0
2886,2000,0
2887,2000,0
2888,2000,0
2889,2000,0
2890,2000,0
2891,2000,0
2892,2000,0
2893,2000,0
2894,2000,1
2895,2000,1
2896,2000,0
2897,2000,0
2898,2000,0
2899,2000,0
2900,2000,1
2901,2000,0
2902,2000,0
2903,2000,0
2904,2000,1
2905,2000,1
2906,2000,1
2907,2000,0
2908,2000,1
2909,2000,0
2910,2000,0
2911,2000,0
2912,2000,0
2913,2000,1
2914,2000,1
2915,2000,2
2916,2000,0
2917,2000,0
2918,2000,0
2919,2000,0
2920,2001,0
2921,2001,1
2922,2001,1
2923,2001,1
2924,2001,0
2925,2001,0
2926,2001,0
2927,2001,1
2928,2001,1
2929,2001,0
2930,2001,0
2931,2001,0
2932,2001,0
2933,2001,1
2934,2001,0
2935,2001,1
2936,2001,0
2937,2001,1
2938,2001,1
2939,2001,3
2940,2001,0
2941,2001,0
2942,2001,0
2943,2001,3
2944,2001,0
2945,2001,0
2946,2001,0
2947,2001,0
2948,2001,1
2949,2001,0
2950,2001,3
2951,2001,0
2952,2001,1
2953,2001,0
2954,2001,0
2955,2001,0
2956,2001,1
2957,2001,0
2958,2001,0
2959,2001,0
2960,2001,1
2961,2001,0
2962,2001,2
2963,2001,0
2964,2001,0
2965,2001,1
2966,2001,0
2967,2001,0
2968,2001,0
2969,2001,0
2970,2001,0
2971,2001,0
2972,2001,1
2973,2001,0
2974,2001,0
2975,2001,0
2976,2001,1
2977,2001,0
2978,2001,0
2979,2001,1
2980,2001,0
2981,2001,2
2982,2001,1
2983,2001,0
2984,2001,1
2985,2001,0
2986,2001,0
2987,2001,1
2988,2001,0
2989,2001,0
2990,2001,1
2991,2001,0
2992,2001,0
2993,2001,0
2994,2001,1
2995,2001,0
2996,2001,0
2997,2001,0
2998,2001,0
2999,2001,0
3000,2001,1
3001,2001,0
3002,2001,0
3003,2001,1
3004,2001,0
3005,2001,0
3006,2001,0
3007,2001,1
3008,2001,0
3009,2001,1
3010,2001,0
3011,2001,1
3012,2001,0
3013,2001,2
3014,2001,0
3015,2001,1
3016,2001,1
3017,2001,1
3018,2001,1
3019,2001,1
3020,2001,0
3021,2001,2
3022,2001,0
3023,2001,1
3024,2001,0
3025,2001,0
3026,2001,1
3027,2001,0
3028,2001,1
3029,2001,1
3030,2001,0
3031,2001,0
3032,2001,0
3033,2001,0
3034,2001,0
3035,2001,1
3036,2001,0
3037,2001,0
3038,2001,0
3039,2001,3
3040,2001,0
3041,2001,0
3042,2001,2
3043,2001,0
3044,2001,0
3045,2001,0
3046,2001,0
3047,2001,1
3048,2001,0
3049,2001,0
3050,2001,4
3051,2001,1
3052,2001,0
3053,2001,0
3054,2001,0
3055,2002,0
3056,2002,0
3057,2002,0
3058,2002,0
3059,2002,0
3060,2002,0
3061,2002,0
3062,2002,0
3063,2002,0
3064,2002,0
3065,2002,0
3066,2002,0
3067,2002,0
3068,2002,3
3069,2002,1
3070,2002,0
3071,2002,2
3072,2002,1
3073,2002,1
3074,2002,0
3075,2002,1
3076,2002,2
3077,2002,0
3078,2002,0
3079,2002,0
3080,2002,1
3081,2002,0
3082,2002,3
3083,2002,0
3084,2002,1
3085,2002,2
3086,2002,1
3087,2002,1
3088,2002,1
3089,2002,2
3090,2002,0
3091,2002,0
3092,2002,0
3093,2002,1
3094,2002,0
3095,2002,1
3096,2002,0
3097,2002,0
3098,2002,0
3099,2002,1
3100,2002,1
3101,2002,1
3102,2002,4
3103,2002,0
3104,2002,0
3105,2002,0
3106,2002,0
3107,2002,2
3108,2002,1
3109,2002,0
3110,2002,1
3111,2002,0
3112,2002,1
3113,2002,0
3114,2002,0
3115,2002,0
3116,2002,0
3117,2002,0
3118,2002,0
3119,2002,2
3120,2002,0
3121,2002,2
3122,2002,1
3123,2002,1
3124,2002,1
3125,2002,0
3126,2002,1
3127,2002,0
3128,2002,1
3129,2002,0
3130,2002,0
3131,2002,2
3132,2002,0
3133,2002,1
3134,2002,2
3135,2002,1
3136,2002,0
3137,2002,0
3138,2002,0
3139,2002,0
3140,2002,1
3141,2002,3
3142,2002,0
3143,2002,0
3144,2002,1
3145,2002,1
3146,2002,0
3147,2002,0
3148,2002,0
3149,2002,0
3150,2002,0
3151,2002,0
3152,2002,2
3153,2002,0
3154,2002,0
3155,2002,2
3156,2002,0
3157,2002,0
3158,2002,0
3159,2002,2
3160,2002,0
3161,2002,0
3162,2002,0
3163,2002,0
3164,2002,1
3165,2002,0
3166,2002,2
3167,2002,0
3168,2002,0
3169,2002,0
3170,2002,0
3171,2002,0
3172,2002,0
3173,2002,0
3174,2002,4
3175,2002,0
3176,2002,0
3177,2002,2
3178,2002,1
3179,2002,1
3180,2002,0
3181,2002,2
3182,2002,3
3183,2002,1
3184,2002,0
3185,2002,0
3186,2002,0
3187,2002,0
3188,2002,1
3189,2002,2
3190,2002,1
3191,2002,2
3192,2002,0
3193,2002,1
3194,2002,0
3195,2003,1
3196,2003,1
3197,2003,0
3198,2003,0
3199,2003,1
3200,2003,3
3201,2003,0
3202,2003,0
3203,2003,1
3204,2003,1
3205,2003,2
3206,2003,0
3207,2003,0
3208,2003,5
3209,2003,0
3210,2003,2
3211,2003,0
3212,2003,2
3213,2003,1
3214,2003,1
3215,2003,0
3216,2003,1
3217,2003,0
3218,2003,0
3219,2003,0
3220,2003,0
3221,2003,0
3222,2003,0
3223,2003,0
3224,2003,1
3225,2003,0
3226,2003,0
3227,2003,0
3228,2003,1
3229,2003,0
3230,2003,0
3231,2003,0
3232,2003,1
3233,2003,0
3234,2003,0
3235,2003,0
3236,2003,0
3237,2003,0
3238,2003,0
3239,2003,0
3240,2003,0
3241,2003,0
3242,2003,1
3243,2003,2
3244,2003,0
3245,2003,0
3246,2003,2
3247,2003,1
3248,2003,2
3249,2003,0
3250,2003,0
3251,2003,0
3252,2003,0
3253,2003,1
3254,2003,2
3255,2003,1
3256,2003,1
3257,2003,1
3258,2003,4
3259,2003,3
3260,2003,1
3261,2003,1
3262,2003,2
3263,2003,0
3264,2003,0
3265,2003,2
3266,2003,2
3267,2003,0
3268,2003,1
3269,2003,1
3270,2003,0
3271,2003,0
3272,2003,0
3273,2003,0
3274,2003,0
3275,2003,0
3276,2003,0
3277,2003,0
3278,2003,0
3279,2003,0
3280,2003,0
3281,2003,0
3282,2003,0
3283,2003,0
3284,2003,1
3285,2003,0
3286,2003,0
3287,2003,1
3288,2003,0
3289,2003,0
3290,2003,0
3291,2003,1
3292,2003,0
3293,2003,2
3294,2003,0
3295,2003,0
3296,2003,0
3297,2003,0
3298,2003,1
3299,2003,0
3300,2003,0
3301,2003,0
3302,2003,0
3303,2003,1
3304,2003,0
3305,2003,0
3306,2003,1
3307,2003,0
3308,2003,0
3309,2003,0
3310,2003,1
3311,2003,0
3312,2003,0
3313,2003,1
3314,2003,1
3315,2003,2
3316,2003,0
3317,2003,1
3318,2003,1
3319,2003,0
3320,2003,0
3321,2003,1
3322,2003,0
3323,2003,0
3324,2003,0
3325,2003,0
3326,2003,0
3327,2003,0
3328,2003,1
3329,2003,0
3330,2004,2
3331,2004,0
3332,2004,0
3333,2004,1
3334,2004,1
3335,2004,2
3336,2004,0
3337,2004,1
3338,2004,1
3339,2004,0
3340,2004,1
3341,2004,2
3342,2004,2
3343,2004,0
3344,2004,0
3345,2004,1
3346,2004,0
3347,2004,0
3348,2004,1
3349,2004,0
3350,2004,1
3351,2004,3
3352,2004,1
3353,2004,0
3354,2004,0
3355,2004,0
3356,2004,0
3357,2004,0
3358,2004,1
3359,2004,2
3360,2004,1
3361,2004,0
3362,2004,0
3363,2004,0
3364,2004,0
3365,2004,0
3366,2004,2
3367,2004,1
3368,2004,0
3369,2004,0
3370,2004,0
3371,2004,1
3372,2004,0
3373,2004,3
3374,2004,1
3375,2004,0
3376,2004,0
3377,2004,1
3378,2004,1
3379,2004,0
3380,2004,0
3381,2004,0
3382,2004,0
3383,2004,1
3384,2004,0
3385,2004,0
3386,2004,1
3387,2004,1
3388,2004,1
3389,2004,3
3390,2004,1
3391,2004,0
3392,2004,3
3393,2004,2
3394,2004,1
3395,2004,0
3396,2004,0
3397,2004,1
3398,2004,0
3399,2004,1
3400,2004,1
3401,2004,2
3402,2004,0
3403,2004,0
3404,2004,3
3405,2004,2
3406,2004,2
3407,2004,2
3408,2004,1
3409,2004,0
3410,2004,1
3411,2004,1
3412,2004,0
3413,2004,0
3414,2004,4
3415,2004,0
3416,2004,0
3417,2004,0
3418,2004,0
3419,2004,0
3420,2004,0
3421,2004,1
3422,2004,0
3423,2004,0
3424,2004,3
3425,2004,2
3426,2004,1
3427,2004,0
3428,2004,0
3429,2004,0
3430,2004,1
3431,2004,0
3432,2004,0
3433,2004,2
3434,2004,0
3435,2004,1
3436,2004,2
3437,2004,0
3438,2004,0
3439,2004,5
3440,2004,1
3441,2004,1
3442,2004,0
3443,2004,0
3444,2004,0
3445,2004,1
3446,2004,2
3447,2004,1
3448,2004,1
3449,2004,0
3450,2004,0
3451,2004,0
3452,2004,1
3453,2004,0
3454,2004,0
3455,2004,0
3456,2004,0
3457,2004,1
3458,2004,0
3459,2004,0
3460,2004,0
3461,2004,0
3462,2004,0
3463,2004,1
3464,2004,0
3465,2004,0
3466,2004,1
3467,2004,1
3468,2004,1
3469,2005,1
3470,2005,1
3471,2005,0
3472,2005,0
3473,2005,1
3474,2005,1
3475,2005,0
3476,2005,1
3477,2005,0
3478,2005,1
3479,2005,0
3480,2005,2
3481,2005,0
3482,2005,0
3483,2005,0
3484,2005,1
3485,2005,0
3486,2005,3
3487,2005,1
3488,2005,0
3489,2005,0
3490,2005,0
3491,2005,1
3492,2005,1
3493,2005,0
3494,2005,0
3495,2005,0
3496,2005,3
3497,2005,0
3498,2005,0
3499,2005,0
3500,2005,0
3501,2005,1
3502,2005,0
3503,2005,0
3504,2005,1
3505,2005,0
3506,2005,1
3507,2005,1
3508,2005,0
3509,2005,0
3510,2005,0
3511,2005,2
3512,2005,1
3513,2005,1
3514,2005,0
3515,2005,0
3516,2005,0
3517,2005,1
3518,2005,1
3519,2005,0
3520,2005,0
3521,2005,0
3522,2005,0
3523,2005,1
3524,2005,1
3525,2005,1
3526,2005,0
3527,2005,0
3528,2005,0
3529,2005,2
3530,2005,0
3531,2005,0
3532,2005,0
3533,2005,1
3534,2005,1
3535,2005,1
3536,2005,0
3537,2005,0
3538,2005,0
3539,2005,0
3540,2005,0
3541,2005,0
3542,2005,0
3543,2005,0
3544,2005,2
3545,2005,0
3546,2005,1
3547,2005,0
3548,2005,0
3549,2005,1
3550,2005,0
3551,2005,0
3552,2005,0
3553,2005,1
3554,2005,1
3555,2005,0
3556,2005,1
3557,2005,2
3558,2005,0
3559,2005,0
3560,2005,0
3561,2005,0
3562,2005,0
3563,2005,1
3564,2005,0
3565,2005,1
3566,2005,1
3567,2005,0
3568,2005,0
3569,2005,0
3570,2005,2
3571,2005,0
3572,2005,1
3573,2005,0
3574,2005,0
3575,2005,1
3576,2005,1
3577,2005,0
3578,2005,0
3579,2005,1
3580,2005,0
3581,2005,0
3582,2005,0
3583,2005,0
3584,2005,0
3585,2005,0
3586,2005,1
3587,2005,0
3588,2005,1
3589,2005,0
3590,2005,1
3591,2005,1
3592,2005,0
3593,2005,1
3594,2005,1
3595,2005,0
3596,2005,0
3597,2006,1
3598,2006,0
3599,2006,0
3600,2006,1
3601,2006,0
3602,2006,0
3603,2006,0
3604,2006,2
3605,2006,0
3606,2006,0
3607,2006,0
3608,2006,0
3609,2006,0
3610,2006,1
3611,2006,1
3612,2006,0
3613,2006,1
3614,2006,2
3615,2006,2
3616,2006,0
3617,2006,0
3618,2006,0
3619,2006,1
3620,2006,0
3621,2006,1
3622,2006,2
3623,2006,0
3624,2006,1
3625,2006,0
3626,2006,0
3627,2006,0
3628,2006,1
3629,2006,1
3630,2006,0
3631,2006,0
3632,2006,0
3633,2006,1
3634,2006,2
3635,2006,0
3636,2006,1
3637,2006,0
3638,2006,0
3639,2006,0
3640,2006,0
3641,2006,2
3642,2006,1
3643,2006,0
3644,2006,1
3645,2006,0
3646,2006,1
3647,2006,1
3648,2006,2
3649,2006,0
3650,2006,1
3651,2006,0
3652,2006,1
3653,2006,1
3654,2006,1
3655,2006,0
3656,2006,1
3657,2006,0
3658,2006,0
3659,2006,3
3660,2006,1
3661,2006,1
3662,2006,3
3663,2006,0
3664,2006,0
3665,2006,0
3666,2006,0
3667,2006,1
3668,2006,2
3669,2006,0
3670,2006,1
3671,2006,0
3672,2006,1
3673,2006,0
3674,2006,0
3675,2006,0
3676,2006,0
3677,2006,2
3678,2006,0
3679,2006,0
3680,2006,0
3681,2006,0
3682,2006,0
3683,2006,0
3684,2006,0
3685,2006,1
3686,2006,0
3687,2006,0
3688,2006,1
3689,2006,0
3690,2006,0
3691,2006,0
3692,2006,0
3693,2006,0
3694,2006,1
3695,2006,0
3696,2006,0
3697,2006,1
3698,2006,0
3699,2006,0
3700,2006,0
3701,2006,0
3702,2006,0
3703,2006,0
3704,2006,0
3705,2006,0
3706,2006,0
3707,2006,0
3708,2006,0
3709,2006,0
3710,2006,0
3711,2006,0
3712,2006,0
3713,2006,0
3714,2006,0
3715,2006,0
3716,2006,0
3717,2006,0
3718,2006,0
3719,2006,0
3720,2006,2
3721,2006,0
3722,2006,0
3723,2006,0
3724,2006,0
3725,2006,0
3726,2006,0
3727,2006,0
3728,2006,1
3729,2006,1
3730,2006,0
3731,2006,0
3732,2006,2
3733,2007,1
3734,2007,1
3735,2007,0
3736,2007,1
3737,2007,0
3738,2007,1
3739,2007,0
3740,2007,0
3741,2007,3
3742,2007,0
3743,2007,1
3744,2007,1
3745,2007,0
3746,2007,2
3747,2007,1
3748,2007,0
3749,2007,0
3750,2007,2
3751,2007,0
3752,2007,2
3753,2007,1
3754,2007,1
3755,2007,0
3756,2007,0
3757,2007,0
3758,2007,0
3759,2007,0
3760,2007,0
3761,2007,0
3762,2007,0
3763,2007,0
3764,2007,2
3765,2007,0
3766,2007,0
3767,2007,1
3768,2007,0
3769,2007,0
3770,2007,0
3771,2007,2
3772,2007,0
3773,2007,1
3774,2007,1
3775,2007,1
3776,2007,0
3777,2007,0
3778,2007,1
3779,2007,2
3780,2007,1
3781,2007,0
3782,2007,1
3783,2007,0
3784,2007,1
3785,2007,0
3786,2007,1
3787,2007,0
3788,2007,0
3789,2007,0
3790,2007,0
3791,2007,0
3792,2007,3
3793,2007,0
3794,2007,0
3795,2007,2
3796,2007,0
3797,2007,0
3798,2007,1
3799,2007,0
3800,2007,0
3801,2007,0
3802,2007,0
3803,2007,0
3804,2007,0
3805,2007,1
3806,2007,0
3807,2007,1
3808,2007,0
3809,2007,0
3810,2007,0
3811,2007,0
3812,2007,0
3813,2007,0
3814,2007,1
3815,2007,0
3816,2007,0
3817,2007,0
3818,2007,0
3819,2007,0
3820,2007,0
3821,2007,0
3822,2007,0
3823,2007,1
3824,2007,0
3825,2007,1
3826,2007,2
3827,2007,1
3828,2007,0
3829,2007,1
3830,2007,1
3831,2007,0
3832,2007,0
3833,2007,2
3834,2007,0
3835,2007,0
3836,2007,0
3837,2007,1
3838,2007,1
3839,2007,0
3840,2007,0
3841,2007,0
3842,2007,1
3843,2007,0
3844,2007,2
3845,2007,1
3846,2007,0
3847,2007,0
3848,2007,0
3849,2007,0
3850,2007,0
3851,2007,1
3852,2007,0
3853,2007,0
3854,2007,0
3855,2007,0
3856,2007,2
3857,2007,0
3858,2007,0
3859,2007,0
3860,2007,0
3861,2007,1
3862,2007,0
3863,2007,0
3864,2007,1
3865,2007,1
3866,2007,0
3867,2007,0
3868,2007,0
3869,2007,0
3870,2007,0
3871,2008,5
3872,2008,2
3873,2008,0
3874,2008,3
3875,2008,0
3876,2008,0
3877,2008,3
3878,2008,0
3879,2008,0
3880,2008,0
3881,2008,3
3882,2008,2
3883,2008,0
3884,2008,1
3885,2008,0
3886,2008,0
3887,2008,3
3888,2008,0
3889,2008,0
3890,2008,2
3891,2008,1
3892,2008,1
3893,2008,2
3894,2008,0
3895,2008,0
3896,2008,0
3897,2008,0
3898,2008,0
3899,2008,0
3900,2008,0
3901,2008,0
3902,2008,1
3903,2008,0
3904,2008,1
3905,2008,1
3906,2008,0
3907,2008,0
3908,2008,0
3909,2008,1
3910,2008,1
3911,2008,0
3912,2008,2
3913,2008,0
3914,2008,0
3915,2008,0
3916,2008,0
3917,2008,2
3918,2008,0
3919,2008,0
3920,2008,0
3921,2008,0
3922,2008,0
3923,2008,0
3924,2008,1
3925,2008,2
3926,2008,1
3927,2008,0
3928,2008,1
3929,2008,1
3930,2008,0
3931,2008,0
3932,2008,0
3933,2008,2
3934,2008,0
3935,2008,0
3936,2008,0
3937,2008,1
3938,2008,0
3939,2008,0
3940,2008,1
3941,2008,0
3942,2008,1
3943,2008,0
3944,2008,0
3945,2008,0
3946,2008,1
3947,2008,1
3948,2008,0
3949,2008,0
3950,2008,1
3951,2008,0
3952,2008,0
3953,2008,1
3954,2008,1
3955,2008,0
3956,2008,0
3957,2008,1
3958,2008,0
3959,2008,0
3960,2008,0
3961,2008,1
3962,2008,0
3963,2008,0
3964,2008,0
3965,2008,0
3966,2008,0
3967,2008,0
3968,2008,0
3969,2008,1
3970,2008,0
3971,2008,1
3972,2008,0
3973,2008,3
3974,2008,0
3975,2008,0
3976,2008,1
3977,2008,0
3978,2008,0
3979,2008,0
3980,2008,0
3981,2008,0
3982,2008,0
3983,2008,0
3984,2008,0
3985,2008,0
3986,2008,2
3987,2008,0
3988,2008,0
3989,2008,1
3990,2008,0
3991,2008,1
3992,2008,0
3993,2008,0
3994,2008,0
3995,2008,0
3996,2008,0
3997,2008,3
3998,2008,0
3999,2008,1
4000,2008,1
4001,2008,1
4002,2008,1
4003,2008,0
4004,2008,1
4005,2008,1
4006,2009,1
4007,2009,1
4008,2009,1
4009,2009,0
4010,2009,0
4011,2009,0
4012,2009,1
4013,2009,0
4014,2009,1
4015,2009,3
4016,2009,0
4017,2009,0
4018,2009,0
4019,2009,0
4020,2009,0
4021,2009,0
4022,2009,0
4023,2009,2
4024,2009,0
4025,2009,0
4026,2009,1
4027,2009,0
4028,2009,1
4029,2009,0
4030,2009,1
4031,2009,0
4032,2009,1
4033,2009,1
4034,2009,2
4035,2009,0
4036,2009,0
4037,2009,0
4038,2009,0
4039,2009,0
4040,2009,0
4041,2009,0
4042,2009,0
4043,2009,0
4044,2009,0
4045,2009,0
4046,2009,0
4047,2009,0
4048,2009,1
4049,2009,1
4050,2009,0
4051,2009,0
4052,2009,0
4053,2009,0
4054,2009,0
4055,2009,0
4056,2009,0
4057,2009,0
4058,2009,1
4059,2009,0
4060,2009,0
4061,2009,0
4062,2009,1
4063,2009,0
4064,2009,0
4065,2009,0
4066,2009,2
4067,2009,1
4068,2009,1
4069,2009,3
4070,2009,1
4071,2009,0
4072,2009,1
4073,2009,0
4074,2009,1
4075,2009,0
4076,2009,0
4077,2009,5
4078,2009,0
4079,2009,0
4080,2009,0
4081,2009,0
4082,2009,0
4083,2009,0
4084,2009,0
4085,2009,0
4086,2009,1
4087,2009,0
4088,2009,0
4089,2009,0
4090,2009,0
4091,2009,0
4092,2009,0
4093,2009,1
4094,2009,0
4095,2009,0
4096,2009,0
4097,2009,0
4098,2009,0
4099,2009,1
4100,2009,0
4101,2009,0
4102,2009,1
4103,2009,0
4104,2009,0
4105,2009,1
4106,2009,0
4107,2009,0
4108,2009,0
4109,2009,1
4110,2009,2
4111,2009,0
4112,2009,0
4113,2009,0
4114,2009,0
4115,2009,1
4116,2009,0
4117,2009,0
4118,2009,1
4119,2009,0
4120,2009,0
4121,2009,0
4122,2009,0
4123,2009,0
4124,2009,0
4125,2009,0
4126,2009,1
4127,2009,1
4128,2009,2
4129,2009,1
4130,2009,0
4131,2009,3
4132,2009,0
4133,2009,0
4134,2009,3
4135,2009,0
4136,2009,0
4137,2009,0
4138,2009,1
4139,2009,1
4140,2009,0
4141,2009,0
4142,2009,0
4143,2009,3
4144,2009,1
4145,2009,0
4146,2010,1
4147,2010,0
4148,2010,1
4149,2010,1
4150,2010,2
4151,2010,0
4152,2010,1
4153,2010,0
4154,2010,1
4155,2010,2
4156,2010,0
4157,2010,0
4158,2010,0
4159,2010,1
4160,2010,0
4161,2010,0
4162,2010,1
4163,2010,0
4164,2010,1
4165,2010,0
4166,2010,0
4167,2010,3
4168,2010,0
4169,2010,0
4170,2010,0
4171,2010,1
4172,2010,1
4173,2010,0
4174,2010,2
4175,2010,1
4176,2010,1
4177,2010,2
4178,2010,0
4179,2010,1
4180,2010,1
4181,2010,0
4182,2010,1
4183,2010,0
4184,2010,1
4185,2010,0
4186,2010,0
4187,2010,0
4188,2010,0
4189,2010,1
4190,2010,0
4191,2010,1
4192,2010,1
4193,2010,0
4194,2010,0
4195,2010,0
4196,2010,0
4197,2010,1
4198,2010,0
4199,2010,0
4200,2010,0
4201,2010,1
4202,2010,0
4203,2010,0
4204,2010,1
4205,2010,0
4206,2010,0
4207,2010,0
4208,2010,0
4209,2010,0
4210,2010,2
4211,2010,0
4212,2010,0
4213,2010,1
4214,2010,1
4215,2010,0
4216,2010,0
4217,2010,0
4218,2010,0
4219,2010,0
4220,2010,2
4221,2010,0
4222,2010,1
4223,2010,0
4224,2010,0
4225,2010,0
4226,2010,0
4227,2010,0
4228,2010,0
4229,2010,0
4230,2010,1
4231,2010,0
4232,2010,0
4233,2010,0
4234,2010,0
4235,2010,0
4236,2010,0
4237,2010,0
4238,2010,0
4239,2010,0
4240,2010,0
4241,2010,0
4242,2010,2
4243,2010,0
4244,2010,0
4245,2010,0
4246,2010,1
4247,2010,0
4248,2010,0
4249,2010,1
4250,2010,0
4251,2010,0
4252,2010,0
4253,2010,1
4254,2010,0
4255,2010,0
4256,2010,0
4257,2010,0
4258,2010,1
4259,2010,1
4260,2010,0
4261,2010,0
4262,2010,0
4263,2010,0
4264,2010,0
4265,2010,0
4266,2010,1
4267,2010,0
4268,2010,0
4269,2010,0
4270,2010,0
4271,2010,2
4272,2010,0
4273,2010,0
4274,2010,0
4275,2010,1
4276,2010,0
4277,2010,1
4278,2010,2
4279,2010,0
4280,2010,2
4281,2010,0
4282,2010,0
4283,2010,1
4284,2011,0
4285,2011,0
4286,2011,0
4287,2011,0
4288,2011,2
4289,2011,1
4290,2011,0
4291,2011,1
4292,2011,0
4293,2011,1
4294,2011,2
4295,2011,1
4296,2011,0
4297,2011,0
4298,2011,0
4299,2011,0
4300,2011,4
4301,2011,2
4302,2011,1
4303,2011,0
4304,2011,0
4305,2011,2
4306,2011,3
4307,2011,1
4308,2011,1
4309,2011,0
4310,2011,1
4311,2011,0
4312,2011,0
4313,2011,0
4314,2011,0
4315,2011,1
4316,2011,0
4317,2011,0
4318,2011,1
4319,2011,1
4320,2011,0
4321,2011,0
4322,2011,2
4323,2011,0
4324,2011,0
4325,2011,1
4326,2011,1
4327,2011,0
4328,2011,0
4329,2011,0
4330,2011,1
4331,2011,3
4332,2011,0
4333,2011,0
4334,2011,1
4335,2011,0
4336,2011,1
4337,2011,0
4338,2011,1
4339,2011,0
4340,2011,0
4341,2011,0
4342,2011,0
4343,2011,1
4344,2011,1
4345,2011,0
4346,2011,0
4347,2011,1
4348,2011,3
4349,2011,0
4350,2011,0
4351,2011,0
4352,2011,1
4353,2011,0
4354,2011,0
4355,2011,2
4356,2011,3
4357,2011,0
4358,2011,0
4359,2011,2
4360,2011,1
4361,2011,1
4362,2011,1
4363,2011,2
4364,2011,4
4365,2011,0
4366,2011,0
4367,2011,0
4368,2011,0
4369,2011,0
4370,2011,0
4371,2011,0
4372,2011,0
4373,2011,0
4374,2011,1
4375,2011,0
4376,2011,0
4377,2011,0
4378,2011,0
4379,2011,1
4380,2011,0
4381,2011,0
4382,2011,0
4383,2011,0
4384,2011,0
4385,2011,1
4386,2011,0
4387,2011,2
4388,2011,0
4389,2011,0
4390,2011,0
4391,2011,0
4392,2011,1
4393,2011,1
4394,2011,1
4395,2011,1
4396,2011,0
4397,2011,0
4398,2011,0
4399,2011,0
4400,2011,0
4401,2011,0
4402,2011,0
4403,2011,0
4404,2011,0
4405,2011,2
4406,2011,3
4407,2011,0
4408,2011,0
4409,2011,1
4410,2011,2
4411,2011,0
4412,2011,0
4413,2011,2
4414,2011,1
4415,2011,3
4416,2011,0
4417,2011,0
4418,2011,0
4419,2011,2
4420,2011,2
4421,2011,1
4422,2011,0
4423,2011,0
4424,2011,0
4425,2011,0
4426,2011,0
4427,2011,0
4428,2011,0
4429,2011,1
4430,2011,2
4431,2011,1
4432,2011,1
4433,2011,1
4434,2011,1
4435,2011,1
4436,2011,0
4437,2012,0
4438,2012,0
4439,2012,0
4440,2012,0
4441,2012,0
4442,2012,0
4443,2012,0
4444,2012,2
4445,2012,1
4446,2012,0
4447,2012,0
4448,2012,1
4449,2012,0
4450,2012,0
4451,2012,2
4452,2012,0
4453,2012,0
4454,2012,0
4455,2012,1
4456,2012,2
4457,2012,0
4458,2012,0
4459,2012,0
4460,2012,0
4461,2012,0
4462,2012,0
4463,2012,2
4464,2012,1
4465,2012,0
4466,2012,1
4467,2012,0
4468,2012,0
4469,2012,0
4470,2012,1
4471,2012,2
4472,2012,0
4473,2012,0
4474,2012,0
4475,2012,0
4476,2012,0
4477,2012,0
4478,2012,0
4479,2012,0
4480,2012,0
4481,2012,1
4482,2012,0
4483,2012,0
4484,2012,0
4485,2012,0
4486,2012,1
4487,2012,0
4488,2012,0
4489,2012,1
4490,2012,0
4491,2012,0
4492,2012,0
4493,2012,0
4494,2012,0
4495,2012,1
4496,2012,0
4497,2012,0
4498,2012,1
4499,2012,0
4500,2012,0
4501,2012,0
4502,2012,0
4503,2012,0
4504,2012,0
4505,2012,0
4506,2012,0
4507,2012,0
4508,2012,0
4509,2012,2
4510,2012,1
4511,2012,0
4512,2012,0
4513,2012,0
4514,2012,0
4515,2012,0
4516,2012,0
4517,2012,0
4518,2012,0
4519,2012,0
4520,2012,1
4521,2012,1
4522,2012,0
4523,2012,0
4524,2012,0
4525,2012,0
4526,2012,1
4527,2012,0
4528,2012,0
4529,2012,0
4530,2012,1
4531,2012,1
4532,2012,0
4533,2012,0
4534,2012,0
4535,2012,0
4536,2012,1
4537,2012,3
4538,2012,0
4539,2012,0
4540,2012,0
4541,2012,0
4542,2012,0
4543,2012,3
4544,2012,1
4545,2012,1
4546,2012,0
4547,2012,0
4548,2012,0
4549,2012,1
4550,2012,0
4551,2012,1
4552,2012,0
4553,2012,1
4554,2012,0
4555,2012,1
4556,2012,1
4557,2012,0
4558,2012,0
4559,2012,0
4560,2012,0
4561,2012,0
4562,2012,0
4563,2012,2
4564,2012,2
4565,2012,0
4566,2012,0
4567,2012,0
4568,2012,0
4569,2012,1
4570,2012,3
4571,2012,0
4572,2012,0
4573,2012,0
4574,2012,0
4575,2012,0
4576,2012,0
4577,2012,0
4578,2012,0
4579,2012,1
4580,2012,0
4581,2012,0
4582,2012,1
4583,2012,0
4584,2012,0
4585,2012,0
4586,2012,1
4587,2012,0
4588,2012,0
4589,2012,0
4590,2012,0
4591,2012,1
4592,2012,0
4593,2012,0
4594,2012,0
4595,2012,0
4596,2012,0
4597,2012,0
4598,2012,1
4599,2012,0
4600,2012,0
4601,2012,2
4602,2012,0
4603,2012,0
4604,2012,2
4605,2012,0
4606,2012,1
4607,2012,0
4608,2012,0
4609,2012,0
4610,2012,0
4611,2012,0
4612,2013,0
4613,2013,2
4614,2013,0
4615,2013,0
4616,2013,0
4617,2013,0
4618,2013,0
4619,2013,0
4620,2013,0
4621,2013,0
4622,2013,0
4623,2013,0
4624,2013,1
4625,2013,0
4626,2013,0
4627,2013,0
4628,2013,1
4629,2013,0
4630,2013,0
4631,2013,1
4632,2013,1
4633,2013,0
4634,2013,1
4635,2013,0
4636,2013,0
4637,2013,2
4638,2013,0
4639,2013,0
4640,2013,0
4641,2013,1
4642,2013,0
4643,2013,0
4644,2013,0
4645,2013,0
4646,2013,0
4647,2013,0
4648,2013,0
4649,2013,2
4650,2013,0
4651,2013,0
4652,2013,0
4653,2013,0
4654,2013,0
4655,2013,0
4656,2013,0
4657,2013,1
4658,2013,0
4659,2013,3
4660,2013,1
4661,2013,0
4662,2013,0
4663,2013,0
4664,2013,0
4665,2013,0
4666,2013,0
4667,2013,0
4668,2013,1
4669,2013,1
4670,2013,0
4671,2013,0
4672,2013,1
4673,2013,0
4674,2013,0
4675,2013,0
4676,2013,1
4677,2013,0
4678,2013,0
4679,2013,0
4680,2013,0
4681,2013,0
4682,2013,0
4683,2013,0
4684,2013,0
4685,2013,1
4686,2013,0
4687,2013,0
4688,2013,0
4689,2013,1
4690,2013,0
4691,2013,0
4692,2013,0
4693,2013,1
4694,2013,0
4695,2013,2
4696,2013,0
4697,2013,0
4698,2013,0
4699,2013,1
4700,2013,0
4701,2013,0
4702,2013,0
4703,2013,0
4704,2013,1
4705,2013,2
4706,2013,0
4707,2013,0
4708,2013,0
4709,2013,0
4710,2013,2
4711,2013,0
4712,2013,1
4713,2013,0
4714,2013,0
4715,2013,0
4716,2013,0
4717,2013,0
4718,2013,1
4719,2013,0
4720,2013,0
4721,2013,1
4722,2013,0
4723,2013,0
4724,2013,0
4725,2013,1
4726,2013,1
4727,2013,0
4728,2013,0
4729,2013,2
4730,2013,2
4731,2013,0
4732,2013,0
4733,2013,1
4734,2013,0
4735,2013,1
4736,2013,0
4737,2013,1
4738,2013,0
4739,2013,0
4740,2013,0
4741,2013,0
4742,2013,0
4743,2013,0
4744,2013,1
4745,2013,0
4746,2013,0
4747,2013,0
4748,2013,2
4749,2013,0
4750,2013,0
4751,2013,0
4752,2013,1
4753,2013,0
4754,2013,0
4755,2013,0
4756,2013,0
4757,2013,1
4758,2013,0
4759,2013,0
4760,2013,1
4761,2013,0
4762,2013,0
4763,2013,1
4764,2013,0
4765,2013,0
4766,2013,0
4767,2013,0
4768,2013,0
4769,2013,0
4770,2013,0
4771,2013,0
4772,2013,1
4773,2013,0
4774,2013,0
4775,2013,1
4776,2013,2
4777,2013,0
4778,2014,0
4779,2014,0
4780,2014,0
4781,2014,0
4782,2014,0
4783,2014,0
4784,2014,1
4785,2014,0
4786,2014,1
4787,2014,1
4788,2014,1
4789,2014,0
4790,2014,0
4791,2014,0
4792,2014,0
4793,2014,0
4794,2014,0
4795,2014,0
4796,2014,1
4797,2014,1
4798,2014,0
4799,2014,0
4800,2014,0
4801,2014,1
4802,2014,0
4803,2014,0
4804,2014,0
4805,2014,0
4806,2014,0
4807,2014,0
4808,2014,0
4809,2014,1
4810,2014,1
4811,2014,0
4812,2014,0
4813,2014,0
4814,2014,1
4815,2014,1
4816,2014,0
4817,2014,1
4818,2014,0
4819,2014,0
4820,2014,0
4821,2014,0
4822,2014,0
4823,2014,0
4824,2014,0
4825,2014,0
4826,2014,0
4827,2014,1
4828,2014,0
4829,2014,0
4830,2014,0
4831,2014,0
4832,2014,1
4833,2014,0
4834,2014,0
4835,2014,0
4836,2014,0
4837,2014,0
4838,2014,0
4839,2014,0
4840,2014,0
4841,2014,0
4842,2014,1
4843,2014,1
4844,2014,0
4845,2014,0
4846,2014,0
4847,2014,0
4848,2014,0
4849,2014,0
4850,2014,0
4851,2014,2
4852,2014,0
4853,2014,1
4854,2014,0
4855,2014,1
4856,2014,1
4857,2014,0
4858,2014,1
4859,2014,1
4860,2014,1
4861,2014,0
4862,2014,0
4863,2014,0
4864,2014,0
4865,2014,0
4866,2014,0
4867,2014,0
4868,2014,1
4869,2014,0
4870,2014,1
4871,2014,1
4872,2014,0
4873,2014,0
4874,2014,0
4875,2014,0
4876,2014,0
4877,2014,1
4878,2014,0
4879,2014,0
4880,2014,0
4881,2014,0
4882,2014,0
4883,2014,0
4884,2014,0
4885,2014,1
4886,2014,0
4887,2014,0
4888,2014,0
4889,2014,0
4890,2014,0
4891,2014,0
4892,2014,1
4893,2014,0
4894,2014,0
4895,2014,1
4896,2014,0
4897,2014,0
4898,2014,1
4899,2014,0
4900,2014,3
4901,2014,0
4902,2014,0
4903,2014,0
4904,2014,2
4905,2014,0
4906,2014,0
4907,2014,0
4908,2014,0
4909,2014,0
4910,2014,0
4911,2014,0
4912,2014,1
4913,2014,0
4914,2014,1
4915,2014,0
4916,2014,0
4917,2014,0
4918,2014,0
4919,2014,1
4920,2014,0
4921,2014,0
4922,2014,0
4923,2014,0
4924,2014,0
4925,2014,0
4926,2014,0
4927,2014,0
4928,2014,0
4929,2014,0
4930,2014,1
4931,2014,0
4932,2014,1
4933,2014,0
4934,2014,1
4935,2014,0
4936,2014,0
4937,2014,0
4938,2014,0
4939,2014,0
4940,2014,0
4941,2014,0
4942,2014,0
4943,2014,2
4944,2014,0
4945,2015,1
4946,2015,1
4947,2015,0
4948,2015,1
4949,2015,0
4950,2015,0
4951,2015,0
4952,2015,0
4953,2015,1
4954,2015,0
4955,2015,0
4956,2015,0
4957,2015,0
4958,2015,1
4959,2015,0
4960,2015,2
4961,2015,1
4962,2015,0
4963,2015,0
4964,2015,2
4965,2015,1
4966,2015,0
4967,2015,0
4968,2015,0
4969,2015,0
4970,2015,0
4971,2015,2
4972,2015,0
4973,2015,0
4974,2015,2
4975,2015,0
4976,2015,1
4977,2015,0
4978,2015,1
4979,2015,1
4980,2015,0
4981,2015,2
4982,2015,0
4983,2015,0
4984,2015,1
4985,2015,1
4986,2015,0
4987,2015,0
4988,2015,1
4989,2015,0
4990,2015,0
4991,2015,1
4992,2015,1
4993,2015,1
4994,2015,0
4995,2015,3
4996,2015,0
4997,2015,0
4998,2015,2
4999,2015,1
5000,2015,2
5001,2015,0
5002,2015,0
5003,2015,0
5004,2015,1
5005,2015,1
5006,2015,0
5007,2015,0
5008,2015,0
5009,2015,3
5010,2015,1
5011,2015,0
5012,2015,0
5013,2015,0
5014,2015,0
5015,2015,0
5016,2015,0
5017,2015,0
5018,2015,0
5019,2015,3
5020,2015,0
5021,2015,0
5022,2015,1
5023,2015,1
5024,2015,2
5025,2015,2
5026,2015,0
5027,2015,1
5028,2015,1
5029,2015,2
5030,2015,0
5031,2015,0
5032,2015,0
5033,2015,0
5034,2015,0
5035,2015,0
5036,2015,3
5037,2015,1
5038,2015,0
5039,2015,0
5040,2015,0
5041,2015,0
5042,2015,0
5043,2015,1
5044,2015,2
5045,2015,2
5046,2015,0
5047,2015,0
5048,2015,0
5049,2015,0
5050,2015,0
5051,2015,0
5052,2015,0
5053,2015,0
5054,2015,0
5055,2015,0
5056,2015,0
5057,2015,1
5058,2015,0
5059,2015,0
5060,2015,0
5061,2015,0
5062,2015,2
5063,2015,2
5064,2015,0
5065,2015,0
5066,2015,0
5067,2015,0
5068,2015,0
5069,2015,0
5070,2015,0
5071,2015,0
5072,2015,1
5073,2015,1
5074,2015,0
5075,2015,0
5076,2015,0
5077,2015,0
5078,2015,3
5079,2015,0
5080,2015,0
5081,2015,0
5082,2015,1
5083,2015,0
5084,2015,1
5085,2015,0
5086,2015,0
5087,2015,0
5088,2015,0
5089,2015,2
5090,2015,0
5091,2015,0
5092,2015,2
5093,2015,1
5094,2015,2
5095,2015,0
5096,2015,0
5097,2015,1
5098,2015,2
5099,2015,3
5100,2015,1
5101,2015,0
5102,2015,0
5103,2015,1
5104,2015,0
5105,2015,0
5106,2015,1
5107,2015,0
5108,2015,1
